source,query,url,title,snippet,red_flags,species_hits,timestamp,result_hash
duckduckgo,"""slow loris"" ""for sale"" OR ""pet""",https://duckduckgo.com/y.js?ad_domain=amazon.com&ad_provider=bingv7aa&ad_type=txad&click_metadata=VGscbJCuBWkJAlim8xCqXeePJWFPB7Kk0PVa_B9nl0yg3R3Wn5ihkEQi2iWGkGBNfcXOLCVgaYemz8VEU%2D_ez67IyBC5bzo_KngAjzKwRAgc1ASMpd27e9co%2DHm4sp_U3FvkQyWdIWGkkkiKOpIuxney9mKWhI2twzKz8t7PeHo.K9X82psz%2DTQq7orUnBUQTA&rut=2e2f0fe31265cc9036524994e044f317b8f56072a03c98eab1966eac53b89f95&u3=https%3A%2F%2Fwww.bing.com%2Faclick%3Fld%3De85%2Dmjr2jZxRoqpenxCfU0EjVUCUy5GbbtZUeErUgVMJgW1JAYGmOHybBWotpGy3c1SkQm0q3n_RPez7x_r_LIwsxhTedt9QebG8tBm2VmohFbZ6KtFKg6E_Ua8JtOisKx3kdVI1wun0WbtTRQ%2DgHCot7Ck2FxyGHG1tBQpyQcykjDfA8XlMM_y0%2DmcsowiIkLhszRqqEB%2DKT831%2DYdSl89Ar2wKk%26u%3DaHR0cHMlM2ElMmYlMmZ3d3cuYW1hem9uLmNvbSUyZnMlMmYlM2ZpZSUzZFVURjglMjZrZXl3b3JkcyUzZGxpdmUlMmJpbnNlY3RzJTJicGV0cyUyNmluZGV4JTNkYXBzJTI2dGFnJTNkdHh0c3RkYmdkdC0yMCUyNnJlZiUzZHBkX3NsXzV4NmF1ZG53MTdfcCUyNmFkZ3JwaWQlM2QxMjI5MjU0MzIyNjM0MTMyJTI2aHZhZGlkJTNkNzY4Mjg1NjEwNDAxNTQlMjZodm5ldHclM2RzJTI2aHZxbXQlM2RwJTI2aHZibXQlM2RicCUyNmh2ZGV2JTNkYyUyNmh2bG9jaW50JTNkJTI2aHZsb2NwaHklM2Q5MTQ0MCUyNmh2dGFyZ2lkJTNka3dkLTc2ODI4NjQzNDc2MTU1JTNhbG9jLTE5MCUyNmh5ZGFkY3IlM2QxMDc2N18xMzU5MDI2NCUyNm1jaWQlM2RkODM5Y2I5ZjE2NDIzODZmYjY2MzU5MmMwMDIzNzhiZiUyNmxhbmd1YWdlJTNkZW5fVVMlMjZtc2Nsa2lkJTNkMmM5OTMyOGZhNTc0MWIzNWFhYTA1YjQ5Njg4MTAwOGY%26rlid%3D2c99328fa5741b35aaa05b496881008f&vqd=4-256388486659579871439172898386357957893&iurl=%7B1%7DIG%3D51F1519E96E44FEB8B9B715898E71A1B%26CID%3D1A92EBA795386C6031D1FC8E94396DE8%26ID%3DDevEx%2C5039.1,Low priced live insects pets - Amazon® Official Site,Find deals and low prices on live insectspetsat Amazon.com. Browse & discover thousands of brands. Read customer reviews & find best sellers,,,2026-03-27T18:35:34.208603,6e7598e55c19
duckduckgo,"""slow loris"" ""for sale"" OR ""pet""",https://duckduckgo.com/y.js?ad_domain=petclassifieds.com&ad_provider=bingv7aa&ad_type=txad&click_metadata=6c7BiKlhFtURbQFUveqjgKOo4Vz5BPEAT2RSTJAu509HpLiW3BW1FhRtm1mrmRBUGubMT5Vnq0IuQ8Fq0P7K1ACcxVBNBudsA7aWEUCCpoc8FPgzvSsmm18Pwk6qX%2D77tINjTAi8x3JivuMr_Aox8SDUBmKusuQ7KqCbKwvUe6k.MwC3jJVzPD80SIllHYDLdA&rut=de0d4d9a52ef3572a63ce8702b7985365be442ed013abe3d7d3d8e21a74a2746&u3=https%3A%2F%2Fwww.bing.com%2Faclick%3Fld%3De8SaV5SYJ2Lwz6awZFa%2DmCLTVUCUwCxlz5cXHZelhWS1xE9a9jKdGPk1mwhIm7SMMYMxnLNH01w%2Dm5MZRA7gISg0af58_LGDJT5gcpa15LFW6EoMHJk83_YAWhT3XOqEFWN4AwNztYITBCDCeGWELvi1MXfXMcTcZ9BD_famOdF5R79ZG4Hv9F8rSzmShA5VDXO0JnjsyVgQEJH_DV%2DsfjtLK2uLg%26u%3DaHR0cHMlM2ElMmYlMmZmb3JzYWxlLnBldGNsYXNzaWZpZWRzLmNvbSUyZmJpcmRzJTJmJTNmbXNjbGtpZCUzZGI1M2MxMWZiZDZhZjFhMDgxNjllNzgzZDFiNWEwM2ZiJTI2dXRtX3NvdXJjZSUzZGJpbmclMjZ1dG1fbWVkaXVtJTNkY3BjJTI2dXRtX2NhbXBhaWduJTNkU2VhcmNoJTI1MjBUcmFmZmljJTI1MjBDbGlja3MlMjUyMEJpcmRzJTI2dXRtX3Rlcm0lM2RiaXJkcyUyNTIwZm9yJTI1MjBzYWxlJTI1MjBsaXZlJTI2dXRtX2NvbnRlbnQlM2RCaXJkcyUyNTIwZm9yJTI1MjBTYWxl%26rlid%3Db53c11fbd6af1a08169e783d1b5a03fb&vqd=4-172910098161995826109170559166582650300&iurl=%7B1%7DIG%3D51F1519E96E44FEB8B9B715898E71A1B%26CID%3D1A92EBA795386C6031D1FC8E94396DE8%26ID%3DDevEx%2C5043.1,Local Birds for Sale - Exotic Birds For Sale - Birds For Sale,"Find the Perfect Bird for You. Parrots, Parakeets, Budgies, Cockatiels & many Others. No.1 Birdsfor saleby owners & breeders. Browse hundreds of bird listings - easy filters.",,,2026-03-27T18:35:34.208732,cd58947305b4
duckduckgo,"""pangolin"" ""for sale"" OR ""available""",https://duckduckgo.com/y.js?ad_domain=amazon.com&ad_provider=bingv7aa&ad_type=txad&click_metadata=HIvtYfdtFa7oO_lIU_aIGWoiz5Ve_SKkBzTFdmigefNIAKh6qTOhfWiI0IjKM1yHy%2DpxFztNtikO2yOVBpApkEALpI_tcR6MVTaiT6nypk7yMBbVdMDtsTK0asKE2K9Igg_IcBFa2E336n2PlA74Q0HviMD4luuSzbFBAkByjDE.NQZuRAP5q2RhSSbLf71v%2DQ&rut=622561810e44a9097756be1c14cf11d439e5e0d6c39c86952b0883c624d4c816&u3=https%3A%2F%2Fwww.bing.com%2Faclick%3Fld%3De8SvmHhctXFS9ChxFgzYlGCzVUCUzTVNukVDxmD9g_qQDmpkanHUCVOjBMHtGVn9oGAEhoBbHKU0XBukx3jZFzpEBQ2C%2DwOHKNkUz6fSi17pc5Nv0eBhDZAA6%2Ds1qDqhEZvdzdnKYz1ZwkaJEc1bjSNAkEk_Z1kZmulT3YiOOOs%2Dl_YemLdW0k1uUmyxGYRPMH4RBVah_TB3NsqS5Yo08DxmdGKS8%26u%3DaHR0cHMlM2ElMmYlMmZ3d3cuYW1hem9uLmNvbSUyZnMlMmYlM2ZpZSUzZFVURjglMjZrZXl3b3JkcyUzZGxpdmUlMmJyZXB0aWxlcyUyYmZvciUyYnNhbGUlMjZpbmRleCUzZGFwcyUyNnRhZyUzZHR4dHN0ZGJnZHQtMjAlMjZyZWYlM2RwZF9zbF81Z294d3pmZmsyX3AlMjZhZGdycGlkJTNkMTIyNzA1NTMzMTgyNTk1NCUyNmh2YWRpZCUzZDc2NjkxMTI2NzQxMjM2JTI2aHZuZXR3JTNkcyUyNmh2cW10JTNkcCUyNmh2Ym10JTNkYnAlMjZodmRldiUzZGMlMjZodmxvY2ludCUzZCUyNmh2bG9jcGh5JTNkOTE0NDAlMjZodnRhcmdpZCUzZGt3ZC03NjY5MTIzNDAwMTY5MyUzYWxvYy0xOTAlMjZoeWRhZGNyJTNkMjUxMTdfMTM1OTQ0MDYlMjZtY2lkJTNkY2Q2ODA3NDQyZmVkM2QzNGIzZDZhN2Y1YTdkMWUyZTIlMjZsYW5ndWFnZSUzZGVuX1VTJTI2bXNjbGtpZCUzZGY0MTM0ZGVkOWYyNTFiN2M2ZGJlMjQyYjUyZGNlNWE5%26rlid%3Df4134ded9f251b7c6dbe242b52dce5a9&vqd=4-81173233016317836873757752765265669498&iurl=%7B1%7DIG%3D8EC5492C01124B3CB87BB7C22C9E7800%26CID%3D218CCBEA59A06FFC03C7DCC3582B6EFC%26ID%3DDevEx%2C5045.1,Shop live reptiles for sale - Amazon.com Official Site,Get deals and low prices on live reptilesfor salein Home Improvement on Amazon. Browse & discover thousands of brands. Read customer reviews & find best sellers,,,2026-03-27T18:35:37.963755,fe2f9cea2cc6
duckduckgo,"""baby monkey"" ""for sale"" ""contact""",https://duckduckgo.com/y.js?ad_domain=amazon.com&ad_provider=bingv7aa&ad_type=txad&click_metadata=J1dJJQJuKjfC_FA0MmYeu3FJbCxC4IkFwlE4n7LtXBs%2DtmVRDdXF%2DyWqf4gFV4gKGLLkK_JmqYEuUNA06Pc7PdfcArB6f1_UXV9UJK24vwnq%2D0wrw1ui28H8LBxb3Ry%2D1DpV1087dPB287CVuMn6cJeHju0d9WUZSFyKMDTpzF4.bheWKyA7bpaeOnZuwoMSRA&rut=8d5def286a03449108f7ca89682f0bd84ff2eed4d606e2e439634be51b5b2943&u3=https%3A%2F%2Fwww.bing.com%2Faclick%3Fld%3De8l5P7W5_w6u6r4w3nzV5sRzVUCUwFaSbAVDBokrtSgS7K2h1zEe8HxuL9oX6QHFobThdtLqCeUoANGZ6GR2DYKXgeBPyfndtydXMETHWeMOe0HQ5HMa_dt9Mi8pCGJ2SvntuZYxm5Ow6NAzrLc9qB1BL9xYKD3TGKWiNF7pW8gz1JVPRZ73hWf3C5zHO637WBdwF1Fvm3kGuJUqd4s_j7ag19OkI%26u%3DaHR0cHMlM2ElMmYlMmZ3d3cuYW1hem9uLmNvbSUyZnMlMmYlM2ZpZSUzZFVURjglMjZrZXl3b3JkcyUzZGxpdmUlMmJtb25rZXlzJTJiZm9yJTJic2FsZSUyNmluZGV4JTNkYXBzJTI2dGFnJTNkdHh0c3RkYmdkdC0yMCUyNnJlZiUzZHBkX3NsX2hiemZvbnJqdl9wJTI2YWRncnBpZCUzZDEyMzkxNDk5NjM2NjAzMTclMjZodmFkaWQlM2Q3NzQ0NzA0MTQxMTI1NiUyNmh2bmV0dyUzZHMlMjZodnFtdCUzZHAlMjZodmJtdCUzZGJwJTI2aHZkZXYlM2RjJTI2aHZsb2NpbnQlM2QlMjZodmxvY3BoeSUzZDkxODY0JTI2aHZ0YXJnaWQlM2Rrd2QtNzc0NDcxNTEwMDI2MTElM2Fsb2MtMTkwJTI2aHlkYWRjciUzZDI1MTE4XzEzNTk0MjAzJTI2bWNpZCUzZDg5MzNlNTM1OTc0NjNmZjc4ODVmODU3NzE0M2IwMGY5JTI2bGFuZ3VhZ2UlM2Rlbl9VUyUyNm1zY2xraWQlM2Q4ZTVlMWI0M2ZlNjYxNTViM2JiMTcyODUzMzliYTIyOQ%26rlid%3D8e5e1b43fe66155b3bb17285339ba229&vqd=4-129037313601220780452867579784774892424&iurl=%7B1%7DIG%3D2227EB27DCBA4EF0996CB016548E4D50%26CID%3D22AA7C3C191A67F407676B15188E662E%26ID%3DDevEx%2C5046.1,Low prices live monkeys for sale - Amazon.com Official Site,Get deals and low prices on live monkeysfor salein Home Improvement on Amazon. Browse & discover thousands of brands. Read customer reviews & find best sellers,,,2026-03-27T18:35:41.701038,3bf093f4d4e0
duckduckgo,"""African grey"" ""unringed"" ""for sale""",https://duckduckgo.com/y.js?ad_domain=amazon.com&ad_provider=bingv7aa&ad_type=txad&click_metadata=cJQOBcytpQ5iMboWs0GNlJsvPpRN5Wqcx4eGhgUALVfqflZDXAN955vEPM48FEeNeQM7gmV%2DYAa%2D8q1JxPB0p5HYHtrUf7zpf3qHmYaDG7Ce8WIV6xzM_4WMzCtJgiE_2x6dY6%2D_rJFtbom3fLv_%2DVGTF9Zn2weMnls5FNy50EQ.xJwy5B7nJF3S0QN1y6W70g&rut=e147c9285c61259bf97e743ae007c56b1192932e77ddd2e7f7f9809f578fa368&u3=https%3A%2F%2Fwww.bing.com%2Faclick%3Fld%3De8s45nvf9XaO5xkwtoWnUTGTVUCUx3uiXAVEQBApq1SiB0PVDw_ff2NWur81locKPhIGI0ye0J_vW39KN64zjiQrL1opmDt8y0YEHTYWJmAZp1Oj6kCTaMFnYXMWf6VNvs1rVdA07MYZmG6bFUpQK0GpDqWtv6eiOYQY25KIZ19yC2vq19BhFFrmkjWjyXeY77BgrCmmpqftk4bKLvgsX6WMwOrPs%26u%3DaHR0cHMlM2ElMmYlMmZ3d3cuYW1hem9uLmNvbSUyZnMlMmYlM2ZpZSUzZFVURjglMjZrZXl3b3JkcyUzZGFmcmljYW4lMmJncmV5JTJicGFycm90JTJic3R1ZmYlMjZpbmRleCUzZGFwcyUyNnRhZyUzZHR4dHN0ZGJnZHQtMjAlMjZyZWYlM2RwZF9zbF84eTgxa2M4MTA0X3AlMjZhZGdycGlkJTNkMTIzMzY1MzA5ODgwMTAwMCUyNmh2YWRpZCUzZDc3MTAzNDUxNTE3MzY2JTI2aHZuZXR3JTNkcyUyNmh2cW10JTNkcCUyNmh2Ym10JTNkYnAlMjZodmRldiUzZGMlMjZodmxvY2ludCUzZCUyNmh2bG9jcGh5JTNkOTE0NDAlMjZodnRhcmdpZCUzZGt3ZC03NzEwMzYzNTY0MTc3OCUzYWxvYy0xOTAlMjZoeWRhZGNyJTNkMjYzMTRfMTE3MzQ0MDglMjZtY2lkJTNkZTcwZTIzZmUyNGU4M2EwNWI0MDVjNzU0OTg1ZDdiZDclMjZsYW5ndWFnZSUzZGVuX1VTJTI2bXNjbGtpZCUzZGM5YTNhOGFlZTA5YTE0YTQ3M2ZjYzE2ODJlOWIyM2U2%26rlid%3Dc9a3a8aee09a14a473fcc1682e9b23e6&vqd=4-296662958355313406192342502555661773890&iurl=%7B1%7DIG%3DB189A8D6FB47489388019C113433B1A9%26CID%3D3D08EB56D85066733746FC7FD9FD67BD%26ID%3DDevEx%2C5039.1,Shop african grey parrot stuff - Amazon.com Official Site,"Find the largest selection of pet supplies including pet food, toys, treats & supplements. Discover new arrivals, and explore wide selection feature brands, new and specialty finds.",,african grey,2026-03-27T18:35:45.434259,8d53b17ef1af
duckduckgo,"""African grey"" ""unringed"" ""for sale""",https://duckduckgo.com/y.js?ad_domain=valleyhatchery.com&ad_provider=bingv7aa&ad_type=txad&click_metadata=mf3gtbC2moooe8GwFG6bORCKY8w3v_%2DEt5jJrhhJAvBQXYRLjyxIzYZG43bMR6EQsSkpxFRvn8wTeLPARk4w_8%2D5Uu2AHM07bJZsM_w6_VY0625XuOVq4qXL2g8SEpfMKdU29dTEE7QvQPKGWMxW_PO9pgx2ZliD1Ki2eWhEo2I.%2DuTV3ianBqfoWpx1c7sNww&rut=3897927828a133ad3dd32d6042ed7b2e8f9b53febec8c33c46a8466db29ee8bc&u3=https%3A%2F%2Fwww.bing.com%2Faclick%3Fld%3De83vWD%2D2M8mXZKIQxlhA3tyjVUCUxCm6_opeq2WqtiL_yRV0btGxgIRx1yWEIskrCXjRTRnwdCpyjSD5oNBQ3acKDyAFV%2DRQrhmaHJsIxB4Gs%2DFztl7NV817FAfm6_WbNSMHz%2Dd9LR8sKt5uopoDpfF4oFYzpOSkrZI009XgHu6Yfc922cPshnh3I26kkSFdW5fxAiUrf0q5Zy%2DjR83T4gvBCO_20%26u%3DaHR0cHMlM2ElMmYlMmZ2YWxsZXloYXRjaGVyeS5jb20lMmZwcm9kdWN0LWNhdGVnb3J5JTJmYWxsLWxpdmUtcG91bHRyeSUyZiUzZm1zY2xraWQlM2RjMDE1ZGE3ZjdlY2ExNmI2NjcwM2IzYjliMGNiZWQ0ZSUyNnV0bV9zb3VyY2UlM2RiaW5nJTI2dXRtX21lZGl1bSUzZGNwYyUyNnV0bV9jYW1wYWlnbiUzZFZIJTI1MjBNU0JpbmclMjUyMFByZS1PcmRlcnMlMjUyMC0lMjUyMExGJTI1MjBTZWFyY2glMjZ1dG1fdGVybSUzZGJ1eSUyNTIwcG91bHRyeSUyNTIwb25saW5lJTI2dXRtX2NvbnRlbnQlM2REYXktT2xkJTI1MjBDaGlja3M%26rlid%3Dc015da7f7eca16b66703b3b9b0cbed4e&vqd=4-62435250812513562784083417490715570627&iurl=%7B1%7DIG%3DB189A8D6FB47489388019C113433B1A9%26CID%3D3D08EB56D85066733746FC7FD9FD67BD%26ID%3DDevEx%2C5043.1,Valley Hatchery Day-Old Chicks - Family-Owned Chick Hatchery,"High Quality Chicks Pre-ordering Now @ Valley Hatchery, Reserve Online For Spring Delivery. Day-old Chicks - Pre-Orders Are Now Open - Wide Variety Of Breeds To Choose From",,,2026-03-27T18:35:45.434362,e23b1d11b420
reddit,exotic pet for sale no papers,https://reddit.com/r/u_Acrobatic-Minute-593/comments/1s5c80i/the_rise_of_ai_automated_apps_revolutionizing/,The Rise of AI Automated Apps: Revolutionizing Software Development and User Experience,"The Rise of AI Automated Apps: Revolutionizing Software Development and User Experience



By Nilkumar Chaudhari

Published: \[27/03/2026\]



In the ever-evolving landscape of technology, artificial intelligence (AI) has emerged as a transformative force, particularly in the realm of automated applications. AI automated apps—software programs that leverage machine learning (ML), natural language ",,,2026-03-27T18:36:04.104740,ac8578886cb3
reddit,exotic pet for sale no papers,https://reddit.com/r/HowToEntrepreneur/comments/1s5c7ct/ive_been_creating_content_on_instagram_to_get/,"I've been creating content on Instagram to get clients for 2.5 years, I came to share my learnings.","Hey guys,

Few months ago I was struggling to get more business. I read hundreds of blogs and watched hundreds of YouTube videos and tried to use their strategy but failed. When someone did respond, they'd be like: How does this help? After tweaking what gurus taught me, I made my own content strategy that gets me business on demand.

I recently joined back this community and I see dozens of posts",,,2026-03-27T18:36:04.104773,e64bd2768697
reddit,exotic pet for sale no papers,https://reddit.com/r/smallbusinesssupport/comments/1s5c4l9/ive_been_creating_content_on_instagram_to_get/,"I've been creating content on Instagram to get clients for 2.5 years, I came to share my learnings.","Hey guys,

Few months ago I was struggling to get more business. I read hundreds of blogs and watched hundreds of YouTube videos and tried to use their strategy but failed. When someone did respond, they'd be like: How does this help? After tweaking what gurus taught me, I made my own content strategy that gets me business on demand.

I recently joined back this community and I see dozens of posts",,,2026-03-27T18:36:04.104786,0a480ed344f0
reddit,exotic pet for sale no papers,https://reddit.com/r/growthtalks/comments/1s5byow/ive_been_creating_content_on_instagram_to_get/,"I've been creating content on Instagram to get clients for 2.5 years, I came to share my learnings.","Hey guys,

Few months ago I was struggling to get more business. I read hundreds of blogs and watched hundreds of YouTube videos and tried to use their strategy but failed. When someone did respond, they'd be like: How does this help? After tweaking what gurus taught me, I made my own content strategy that gets me business on demand.

I recently joined back this community and I see dozens of posts",,,2026-03-27T18:36:04.104794,69d29522679c
reddit,exotic pet for sale no papers,https://reddit.com/r/GameTrade/comments/1s5bx1v/h_totalwarrome_2_kanelynch_collection_borderlands/,"[H] TotalWarRome 2, Kane&amp;Lynch COLLECTION, Borderlands 1,2 ,Injustice GodAmongUs , Alpha Protocol, Hitman 2, TowerUnite, Pavlov VR ...+games [W] TEMPEST Rising, TransportFever2, 4$ Giant Bundle(GO","* **Only interested in games from my wishlist  (you can find MY FULL WISHLIST  at BOTTOM of my post)**

* **Always state in your comments  here WHAT you WANT and what you OFFER. and negotiate trade  here , before adding me to chat** 

Some games from my wishlist (again , you can find FULL WISHLIST  at BOTTOM of my post) , 

now I'm mostly interested in Tempest Rising ,Constructor Plus, Giant Bundl",,,2026-03-27T18:36:04.104810,6d22560807b1
reddit,exotic pet for sale no papers,https://reddit.com/r/indiegameswap/comments/1s5bwif/h_totalwarrome_2_kanelynch_collection_borderlands/,"[H] TotalWarRome 2, Kane&amp;Lynch COLLECTION, Borderlands 1,2 ,Injustice GodAmongUs , Alpha Protocol, Hitman 2, TowerUnite, Pavlov VR ...+games [W] TEMPEST Rising, TransportFever2, 4$ Giant Bundle(GO","* **Only interested in games from my wishlist  (you can find MY FULL WISHLIST  at BOTTOM of my post)**

* **Always state in your comments  here WHAT you WANT and what you OFFER. and negotiate trade  here , before adding me to chat** 

Some games from my wishlist (again , you can find FULL WISHLIST  at BOTTOM of my post) , 

now I'm mostly interested in Tempest Rising ,Constructor Plus, Giant Bundl",,,2026-03-27T18:36:04.104822,5904c0f8f81c
reddit,exotic pet for sale no papers,https://reddit.com/r/rupaulsdragrace/comments/1s5bt8g/i_went_to_the_sibling_rivalry_live_show_at_lil/,I Went to the Sibling Rivalry Live Show at Lil’ Rhody Laugh Riot last night. Here’s my takeaway from it.,"I live in Rhode Island. We rarely ever get any of the Ru girls to come through here since we’re so tiny. Most shows go either to Boston, MA, or Mashantucket, CT. So whenever a show comes to Providence, RI, I always try to buy tickets for my mother and I. Since 2021, we’ve only gotten (as far as I remember):

Bianca Del Rio (Missed that show since I wasn’t out to my family yet and was underage at t",,,2026-03-27T18:36:04.104838,ed1058abb257
reddit,exotic pet for sale no papers,https://reddit.com/r/printondemand/comments/1s5bhrd/how_did_you_actually_decide_on_your_niche_was_it/,How did you actually decide on your niche — was it data-driven or gut feeling?,"I want to share my experience because I see a lot of people in this sub asking ""what niche should I pick?"" and I think the real problem isn't the niche — it's the process of deciding.

Before I launched my POD brand, I spent roughly 6 months going back and forth between niches. Cycling, pickleball, trail running, pets, coffee — I kept researching and never committing. Here's what that actually loo",,,2026-03-27T18:36:04.104854,7383b8caf55d
reddit,exotic pet for sale no papers,https://reddit.com/r/roommateproblems/comments/1s5avtd/roommate_from_hell_moved_countries_started_from/,"Roommate from hell: moved countries, started from zero, accidentally signed up for a full-time psychological endurance test","At the end of 2023, I moved to a new country alone for work. I knew absolutely no one. No car, no license yet, freezing cold weather, snow everywhere, insane rent, and I was trying to build a life from scratch as a 27-year-old woman with limited savings and some health issues that made dark, cold basement rooms a terrible idea.

Finding a place was its own horror story. Anything decent near work w",,,2026-03-27T18:36:04.104868,7c7dbfd4b0d4
reddit,exotic pet for sale no papers,https://reddit.com/r/LegalAdviceIndia/comments/1s5acu7/unregistered_land_deal_possible_fraud_by_dealer/,"Unregistered land deal, possible fraud by dealer, now legal notice after gift deed. Can he stop sale ? (West Bengal)","Hi everyone,

I need some legal guidance regarding a land issue involving my grandmother and a local land dealer.

Location: West Bengal

Back in January 2022, my grandmother entered into an unregistered agreement with a local land dealer to sell around 24 decimals of land. The total value agreed was ₹2.16 crore, which comes to ₹9 lakh per decimal. He paid ₹10 lakh as advance and the remaining amo",,,2026-03-27T18:36:04.104885,568f9d649729
reddit,pangolin for sale,https://reddit.com/r/jellycatbst/comments/1rske5s/isouk_jackadee_pangolin/,[ISO][UK] Jackadee Pangolin!!!,"Hello, I know it’s a long shot but… does anyone have a Jackadee Pangolin for sale? Doesn’t have to be new! I have been searching high and low and can’t afford the asking prices on eBay. I keep all my Jellycats and play with them everyday, so the pangolin is solely for my collection only! 

Thank you so much🖤",,pangolin,2026-03-27T18:36:07.446931,fe9b941e0392
reddit,pangolin for sale,https://reddit.com/r/conspiracy/comments/1rmsfd8/what_is_going_on_with_these_labs_and_llcs_in_cali/,What is going on with these labs and llcs in cali and las vegas?,"Firstly, a lab in china has cultured, isolated, and cloned a 100% fatal sars virus in humanized rats. Which is such a ridiculous statement. Why the hell are we doing this? 

I dont think this is a wise thing to do. Theres not really a good reason for it and the risk heavily outweighs the reward. The effects mentioned are fever, chills, brain death, and turning eyes white? 

It also effects the sub",,,2026-03-27T18:36:07.446961,c955689c9a48
reddit,pangolin for sale,https://reddit.com/r/custommagic/comments/1rkfj86/the_garden_of_eden_read_comments/,The Garden of Eden (read comments),,,,2026-03-27T18:36:07.446968,f3972eccc4ef
reddit,pangolin for sale,https://reddit.com/r/wow/comments/1qtxoih/the_ultimate_midnight_mount_list_with_written/,"the Ultimate ""MIDNIGHT"" Mount List With Written &amp; Video Guide included. (Spoiler)","Heya Fellow Mountfarmers. I'm a passionate mountfarmer &amp; I love figuring out how, when and where to get the new available mounts, and I love to make guides for people to follow.

So this is a list of all the new mounts coming in Midnight and how to get the mounts, what zone they are in, what mobs they drop from, estimated dropchance, how to go about finding the secret ones, treasures and etc.
",,,2026-03-27T18:36:07.446982,f3164fe886ef
reddit,pangolin for sale,https://reddit.com/r/Laserist/comments/1qny9sy/elite_5_pro_fb4_vs_raw_5_fb4/,Elite 5 Pro FB4 vs Raw 5 FB4,"Hello Everyone, 

Really glad I found this subreddit and have been using it a lot to narrow in on which laser to get as my first one. I am hoping to get 2 lasers to play with. 

I am primarily working on a passion project mixing EDM with acoustic drumming. I hope to one day play in small-medium indoor and outdoor venues. I live in Orlando, FL, so sometimes the weather can be unpredictable. I am al",,,2026-03-27T18:36:07.446994,618d82d760f9
reddit,pangolin for sale,https://reddit.com/r/Tools/comments/1qgg72f/tool_storage_drawers_or_hanging/,Tool Storage - drawers or hanging?,"TL;DR: Do you hang your tools out in the open like on a garage wall, all your box wrenches and handtools on their own thing or is everything tucked away in a drawer nice and organized?

[peg board storage, u/PangolinWorldly6963](https://www.reddit.com/media?url=https%3A%2F%2Fpreview.redd.it%2Fixehrfm3uaqb1.jpg%3Fwidth%3D576%26auto%3Dwebp%26s%3D749f9a13973af162cb60adf564b0a0d3f9956da7)

vs.

[drawe",,pangolin,2026-03-27T18:36:07.447005,35e262dfcb17
reddit,pangolin for sale,https://reddit.com/r/u_danmariuss/comments/1pnzbfl/tiger_teeth_dried_seahorses_and_shark_fins_sold/,"Tiger teeth, dried seahorses and shark fins sold illegally on Facebook, BBC finds - Dan-Marius Sabău","I've been considering Facebook [a shitty platform](https://dan-marius.ro/en/facebook-became-shitty-platform.html) because of its errors and because of the attitude belonging to people behind ir, and I see people using it are also a problem: endangered species, including tiger body parts, [shark](https://dan-marius.ro/en/falling-in-reverse-watch-world-burn.html) fins and pangolin scales, are being ",,"pangolin, tiger",2026-03-27T18:36:07.447024,2b9dbc841fef
reddit,pangolin for sale,https://reddit.com/r/Baystreetbets/comments/1pn8sj7/bsb_news_for_week_164_december_8th_2025/,"BSB news For Week #164, December 8th 2025","Monday:

  
\_\_\_\_\_\_\_\_\_\_\_\_\_\_\_\_\_\_\_\_\_\_\_\_\_\_\_

# PyroGenesis Confirms Half-Tonne Order for Immediate Delivery of Titanium Metal Powder - PYR.tse



&gt;PyroGenesis signed half-tonne titanium metal powder contract with global aerospace leader, first order after receiving supplier status through competitive bid process and multi-year certification. Coarse-cut Ti64 powder (45-150",,,2026-03-27T18:36:07.447035,4d7d0fcc20be
reddit,pangolin for sale,https://reddit.com/r/cowboyboots/comments/1pc9adu/pre_ban_lucchese_anteater_boots_info_needed/,Pre Ban Lucchese Anteater Boots Info Needed,I'm looking for info on these pangolin Lucchese boots. I'm interested in finding a place to sell them but I don't know how the sale of pre ban leathers works.,,pangolin,2026-03-27T18:36:07.447043,24c96eaa131f
reddit,pangolin for sale,https://reddit.com/r/chubbytravel/comments/1p39onc/whats_been_your_most_memorable_service_experience/,What’s been your most memorable service experience at a luxury hotel or operator?,"I was having a long chat with the new VP of Worldwide Sales at Four Seasons last week in Costa Rica and we were debating about what makes a stay memorable. When looking back on your best stays — was it the whole vibe of the property and all the little pieces that add up or are there ever punctuated moments that stick out in your mind that have lodged there forever? 

I told him my recent story abo",,,2026-03-27T18:36:07.447060,a3955462161c
reddit,slow loris pet,https://reddit.com/r/CatAdvice/comments/1s5cb9u/my_resident_cat_is_hissing_at_the_new_kitten_and/,My resident cat is hissing at the new kitten and I'm worried I made a mistake,I have a 4 year old female cat who has been the only pet in the house since she was a kitten. She's always been a bit shy but sweet and affectionate with me. I've been wanting to get another cat for a while and finally adopted a 12 week old male kitten three days ago. I've been doing the slow introduction method with separate rooms and swapping scents. They've seen each other through a baby gate a,,,2026-03-27T18:36:10.765923,53ce011513fa
reddit,slow loris pet,https://reddit.com/r/CrestedGecko/comments/1s5ayks/can_someone_link_the_pet_cam_you_use_for_your/,Can someone link the pet cam you use for your crestie?,I’m trying to find out if my girl eats on her own or not. I tried using pet cam but it never filmed her because she moves too slow to trigger it. Thanks in advance!,,,2026-03-27T18:36:10.765960,6971d9d0368f
reddit,slow loris pet,https://reddit.com/r/relationship_advice/comments/1s5agzt/my_boyfriend_m23_just_told_me_that_he_doesnt_know/,"My boyfriend (M23) just told me that he doesn’t know if he loves me (F21) and can’t work on himself in a relationship after 2.5 years of dating. I think so, but is the relationship worth working on?","This is the about the worst thing that has ever happened to me. I thought we had a fantastic relationship. There is nobody else I love more in the entire world. I have never felt so seen, supported, loved, and appreciated. We just signed a lease renewal for July of 2027. 

So I went on a 10 day trip to Spain with my university, and every time I called him I noticed something was wrong, but I didn’",,,2026-03-27T18:36:10.765985,0aa9392c2379
reddit,slow loris pet,https://reddit.com/r/Monopoly_GO/comments/1s5a924/trades/,trades?,,,,2026-03-27T18:36:10.765993,17967c349b57
reddit,slow loris pet,https://reddit.com/r/MonopolyGoTrading/comments/1s5a874/trades/,trades?🫧,"does anyone have what i need / can trade?

MGO-226-HZD-7D7

ign - cellojello",,,2026-03-27T18:36:10.766004,ed942bdbbb80
reddit,slow loris pet,https://reddit.com/r/asoiaf/comments/1s58ok8/spoilers_extended_the_roses_of_winter_part_1/,[Spoilers Extended] The Roses of Winter: Part 1 - Sweet Blue Flower on a Wall of Ice,"[**^(read intro: 'blue' rose williams in ""the glass menagerie"" and martin's ""portraits of his children"")**](https://www.reddit.com/r/asoiaf/comments/1s3d5ll/spoilers_extended_the_roses_of_winter_blue_rose/)

*^('All I ask is a flower,' Bael answered, 'the fairest flower that blooms in the gardens o' Winterfell.')*

^(@)

Martin conjures illusions throughout his books, and they aren’t always the so",,,2026-03-27T18:36:10.766024,fd4bad6e425a
reddit,slow loris pet,https://reddit.com/r/doordash_drivers/comments/1s572d6/is_there_a_difference_between_being_rude_and/,"Is there a difference between being rude and being "" matter of fact"" and "" I don't like blueberry muffins"" TLDR","It's not news that we no longer make what we used to. For one reason or another, the Glory Days are gone. With that said, my attitude has also changed somewhat. I don't think we need to be rude for the sake of doing it, but I've lately found myself being curt when a customer needs something they could've helped themselves on. Whether it's answering a shopping question, or ordering the food correct",,,2026-03-27T18:36:10.766043,eb759dbdbd91
reddit,slow loris pet,https://reddit.com/r/CrimsonDesert/comments/1s55wkb/letting_pets_pick_up_items_on_the_ground_is/,Letting Pets Pick Up Items on the Ground is Pretty Slow..,But i still let those little shits try their best 💪,,,2026-03-27T18:36:10.766054,329c1bae65cf
reddit,slow loris pet,https://reddit.com/r/HFY/comments/1s55oau/reverse_isekai_a_ninja_from_1582_faces_the/,"[Reverse Isekai] A Ninja from 1582 faces the ultimate modern boss: The Japanese Garbage Association. He uses camouflage to hide from the ""Morning Warden."" (Day 59)","\[First\](https://www.reddit.com/r/HFY/comments/1qkm5z5/reverse\_isekai\_a\_ninja\_from\_1582\_gets\_stuck\_in/)

\[Previous\](https://www.reddit.com/r/HFY/comments/1s4mu35/reverse\_isekai\_a\_ninja\_from\_1582\_battles\_swedish/)

\[Royal Road (Read Ahead!)\](https://www.royalroad.com/fiction/148519/100-days-to-legend-my-freelance-ninja-roommate)

**Episode 59: The Six-Fold Path of Disposal and t",,,2026-03-27T18:36:10.766069,66fbf8630d7e
reddit,slow loris pet,https://reddit.com/r/MM_RomanceBooks/comments/1s55glg/new_releases_sales_friday_27_march/,New Releases &amp; Sales - Friday 27 March,"❣❣ **Please add any freebies or sales in the comments below!** ❣❣

# __**MM Romance**__

__Kindle Unlimited__

- **Slow Dance** by D. Sparks (Dreia Well) - 342 pages - [Amazon](https://a.co/d/05NzY40s) - *(friends to enemies to lovers, second chance, musician x musician, forced proximity, Black MC(s))*

- **Rebel's Warriors** by Layla Dorine - 271 pages - [Amazon](https://a.co/d/07uCQ01q) - *(MMM,",,,2026-03-27T18:36:10.766084,37a578230b85
reddit,African grey unringed sale,https://reddit.com/r/u_Acrobatic-Minute-593/comments/1s5c80i/the_rise_of_ai_automated_apps_revolutionizing/,The Rise of AI Automated Apps: Revolutionizing Software Development and User Experience,"The Rise of AI Automated Apps: Revolutionizing Software Development and User Experience



By Nilkumar Chaudhari

Published: \[27/03/2026\]



In the ever-evolving landscape of technology, artificial intelligence (AI) has emerged as a transformative force, particularly in the realm of automated applications. AI automated apps—software programs that leverage machine learning (ML), natural language ",,,2026-03-27T18:36:14.098739,16fae0cec10d
reddit,African grey unringed sale,https://reddit.com/r/midsoledeals/comments/1s5boox/jordan_spizike_low_blackgamma_bluewolf_grey_on/,🔥Jordan Spizike Low Black/Gamma Blue/Wolf Grey ON SALE FOR $100.00 (Reg. $165.00),,,,2026-03-27T18:36:14.098764,56b711ff5a67
reddit,African grey unringed sale,https://reddit.com/r/AloAtelier/comments/1s5avug/claw_clip_reward/,Claw clip reward 🥜,I finally decided to get the wool cashmere full zip after seeing they had the macadamia/black claw clip as a reward while supplies last for today only!! So happy I was able to get my hands on it :),,,2026-03-27T18:36:14.098776,0ddd117ee31f
reddit,African grey unringed sale,https://reddit.com/r/Lenovo/comments/1s5at0d/is_this_laptopn_good/,is this laptopn good?,"the specs looks intersting but i couldnt find a single review of it anywhere , btw it costs 844$ or 599 JOD in local currency",,,2026-03-27T18:36:14.098785,023940dde557
reddit,African grey unringed sale,https://reddit.com/r/transformers/comments/1s5ar8p/should_i_wait_for_newer_transformers_prime/,Should I wait for newer transformers prime figures? It seems unlikely especially from hasbro and takara...,"So here is my problem. Apc toys indeed upscales some things on the figures but for example their current megatron version that are for sale are not normal.

The one is with dark energon which i just don't want it, it looks like burned chicken From the oven...

And the other one they have these dark gray horrible plastics which looks awful in my opinion.

The hasbro one has horrible joints and i'm ",,,2026-03-27T18:36:14.098800,55a896025119
reddit,African grey unringed sale,https://reddit.com/r/midsoledeals/comments/1s59zu4/new_balance_740_greymetallic_silver_on_sale_for/,New Balance 740 Grey/Metallic Silver ON SALE FOR $70.00 (Reg. $115.00),,,,2026-03-27T18:36:14.098806,6a3653b9790b
reddit,African grey unringed sale,https://reddit.com/r/u_jhonnyjazz/comments/1s59az8/the_truth_about_rolex_waiting_lists_in_2026/,The Truth About Rolex Waiting Lists in 2026,"So you want to buy a Rolex. You walk into an authorised dealer, point at the Submariner in the window display, and hear those dreaded words: \*""There's a waiting list.""\*

If you've been anywhere near the watch world over the past few years, you've heard the stories. Multi-year waits. VIP-only allocations. People buying jewellery they don't want just to ""build a relationship"" with a sales associat",,,2026-03-27T18:36:14.098819,96154ff6872c
reddit,African grey unringed sale,https://reddit.com/r/IndianPCGamers/comments/1s57our/how_good_is_this_build/,How good is this build?,"The total price is about 165k, including taxes. I'm not looking for optimal performance, I just want to run 1080p gaming and blender animations, while also future proofing for a good few years.
32 gb(2x16) ddr5 6000mhz cl36
9060xt 16gb
Ryzen 9600x
",,,2026-03-27T18:36:14.098828,8ae64cd598e4
reddit,African grey unringed sale,https://reddit.com/r/LaptopDealsIndia/comments/1s57afs/any_other_code_going_to_place_order/,Any other code? Going to place order,,,,2026-03-27T18:36:14.098833,166c62e004d3
reddit,African grey unringed sale,https://reddit.com/r/ilpolzmalta/comments/1s5719i/malta_tesplora_enerġija_rinnovabbli_millafrika/,Malta tesplora enerġija rinnovabbli mill-Afrika,"Malta tesplora enerġija rinnovabbli mill-Afrika

· · ·

27 ta' Marzu 2026

· · ·

Il-Ministru Miriam Dalli ħabbret konsultazzjoni tas-suq biex jiġi esplorat sorsi ta' enerġija rinnovabbli mill-Afrika ta' Fuq. Din l-inizjattiva għandha l-għan li timporta 0.8 TWh ta' elettriku nadif kull sena biex tissodisfa d-domanda nazzjonali. Il-proġett jifforma parti mill-istrateġija Malta Vision 2050 biex tiġi",,,2026-03-27T18:36:14.098849,9fd25bae9d0c
reddit,reptile live arrival shipping,https://reddit.com/r/ForgottenWeapons/comments/1s5clg5/greek_mannlicherschoenauer_carbine_190314/,Greek Mannlicher-Schoenauer Carbine 1903/14,"Spent weeks in shipping hell due to a snowstorm, but it finally arrived today! Mannlicher-Schoenauer Carbine 1903/14. I had never seen the Carbine before. It's pretty light and handy, but a little worn from years of hard use. Not much rifling left, but it's shiny and will make a fine edition to my collection.  
Now the extremely difficult task of finding a clip that will work with this.... ",,,2026-03-27T18:36:17.492649,3eecf19b090e
reddit,reptile live arrival shipping,https://reddit.com/r/taos/comments/1s5ckcr/earthship_info/,Earthship Info,"What's it like living in an Earth Ship? I know they're self sustaining but can you produce enough water to live on or do you need a cistern or well? And how far do you have to dig to hit well water? Is it tough to get a conventional home loan? Also what's that community like out there, are they cliquish, cultish or does everyone mind their own business. Any info would be appreciated, I'm curious a",,,2026-03-27T18:36:17.492679,330db6910486
reddit,reptile live arrival shipping,https://reddit.com/r/selfpublish/comments/1s5ck8j/1000_copies_sold_some_unexpected_lessons/,1000 copies sold! Some unexpected lessons,"I've officially sold 1000 copies of my books since I published my first book in 2022!

Here's some info on the unexpected sources of sales, and on how I achieved it. I write nonfiction, cryptozoology books, and have published 3 so far, so maybe this advice won't work for all but I feel it might be useful for some.

Sales

1. Amazon KDP: 280

2. Amazon KENP (yes in counting this, just by dividing p",,,2026-03-27T18:36:17.492693,0b307e30842a
reddit,reptile live arrival shipping,https://reddit.com/r/KitVVjersey/comments/1s5civp/spkiv_jersey_comparison_with_other_retailers/,SPKIV Jersey Comparison with Other Retailers,"I've bought jerseys from many retailers, and I've always wanted to make a comparison compilation.

I happen to have some time today, and I recently ordered a jersey from SPKIV, so I can compare their jerseys.

I will compare the overall design, collar, logo, sleeves, hem, customer service, shipping, and payment methods.

The following is my personal opinion and may not represent everyone's opinion",,,2026-03-27T18:36:17.492707,a494a3973ae0
reddit,reptile live arrival shipping,https://reddit.com/r/pokerlistings/comments/1s5ci6h/rummy_arrives_at_stake/,Rummy Arrives at Stake,"https://preview.redd.it/ka6u5hjksmrg1.jpg?width=2400&amp;format=pjpg&amp;auto=webp&amp;s=b2e83195ced476a4322407bad423ad38b88a328f

Stake.com expanded its live casino collection in an unexpected direction this week. Instead of a new blackjack or roulette variant, Stake announced it was adding Rummy to its live lineup. The game has long been a game night favorite and now that players have a chance t",,,2026-03-27T18:36:17.492719,5376d57fa83c
reddit,reptile live arrival shipping,https://reddit.com/r/u_BitFalse7335/comments/1s5ci5w/the_cursed_well_of_amilia/,The cursed well of Amilia,,,,2026-03-27T18:36:17.492725,e5e534a5f10d
reddit,reptile live arrival shipping,https://reddit.com/r/Poems/comments/1s5cffx/inheritance_of_thought/,Inheritance of Thought,"We were raised on borrowed pages

Lessons written long before our names

Told what mattered, what was sacred

Never asked to question who it served

We called it truth because it was given

Not because it was proven

Then came choice

Two doors painted different colors

Leading to the same quiet room

And we felt powerful

Marking boxes we didn’t build

But felt closer to a truth 

We paid in full",,,2026-03-27T18:36:17.492741,a1c3ff5e0c74
reddit,reptile live arrival shipping,https://reddit.com/r/Plifortakune/comments/1s5cf36/b162_beta_celebi_by_foresterdesigns_dd5e_pf2e/,B162 - Beta Celebi by ForesterDesigns [D&amp;D5e &amp; PF2e],"My Pokémon-inspired Weapons and Items of the Day, with a Beta Celebi ocarina to enjoy your time on earth!

[Join my Patreon to vote on future items and get all the PDFs with over 1000 items, including all the Pokémon items](https://www.patreon.com/ForesterDesigns), or [buy the individual PDFs in my shop](https://www.patreon.com/c/foresterdesigns/shop)!

# B162 - Kokopellina

**_Wondrous (Ocarina, ",,,2026-03-27T18:36:17.492756,24e60cd1ebf7
reddit,reptile live arrival shipping,https://reddit.com/r/KitDDcom/comments/1s5cezz/spkiv_jersey_comparison_with_other_retailers/,SPKIV Jersey Comparison with Other Retailers,"I've bought jerseys from many retailers, and I've always wanted to make a comparison compilation.

I happen to have some time today, and I recently ordered a jersey from SPKIV, so I can compare their jerseys.

I will compare the overall design, collar, logo, sleeves, hem, customer service, shipping, and payment methods.

The following is my personal opinion and may not represent everyone's opinion",,,2026-03-27T18:36:17.492766,650ef8caa292
reddit,reptile live arrival shipping,https://reddit.com/r/compoundedtirzepatide/comments/1s5cef1/first_order_from_fifty410/,First order from Fifty410,"Placed my 1st order on Thursday afternoon and it has already shipped. Supposed to be here tomorrow.  I live very rural and have never had good luck with FEDEX. They will never come down my driveway, which is pretty long, to deliver ti the front porch, but always put it in my mailbox. 

My question...how big is the box? I'm hoping it is too big to fit in the mailbox. I ordered the ProRx and its com",,,2026-03-27T18:36:17.492778,1f311b30ecb9
reddit,monkey for sale contact,https://reddit.com/r/StartupMind/comments/1s5ckiw/marketing_update_9_tactics_that_helped_us_get/,marketing update: 9 tactics that helped us get more clients and 5 that didn't,"About a year ago, my boss suggested that we concentrate our B2B marketing efforts on LinkedIn.

We achieved some solid results that have made both LinkedIn our obvious choice to get clients compared to the old-fashioned blogs/email newsletters.

Here's what worked and what didn't for us. I also want to hear what has worked and what hasn't for you guys.

# 1. Building CEO's profile instead of the b",,,2026-03-27T18:36:20.841485,2cd2bc0faee9
reddit,monkey for sale contact,https://reddit.com/r/StartupNinjas/comments/1s5cfrx/marketing_update_9_tactics_that_helped_us_get/,marketing update: 9 tactics that helped us get more clients and 5 that didn't,"About a year ago, my boss suggested that we concentrate our B2B marketing efforts on LinkedIn.

We achieved some solid results that have made both LinkedIn our obvious choice to get clients compared to the old-fashioned blogs/email newsletters.

Here's what worked and what didn't for us. I also want to hear what has worked and what hasn't for you guys.

# 1. Building CEO's profile instead of the b",,,2026-03-27T18:36:20.841512,d3fd1e634f78
reddit,monkey for sale contact,https://reddit.com/r/B2BTechNews/comments/1s5ce0z/marketing_update_9_tactics_that_helped_us_get/,marketing update: 9 tactics that helped us get more clients and 5 that didn't,"About a year ago, my boss suggested that we concentrate our B2B marketing efforts on LinkedIn.

We achieved some solid results that have made both LinkedIn our obvious choice to get clients compared to the old-fashioned blogs/email newsletters.

Here's what worked and what didn't for us. I also want to hear what has worked and what hasn't for you guys.

# 1. Building CEO's profile instead of the b",,,2026-03-27T18:36:20.841519,0dfb01a7713c
reddit,monkey for sale contact,https://reddit.com/r/realtors/comments/1s5c5tr/i_want_your_guys_opinion/,I Want Your Guys’ Opinion,hey guys. i want your opinion on this house. the house doesn’t have an HVAC system. i want to know if it’s priced correctly. pls feel free to voice your opinions,,,2026-03-27T18:36:20.841531,e6881671be73
reddit,monkey for sale contact,https://reddit.com/r/LeadGenMarketplace/comments/1s5c2oa/we_built_a_b2b_lead_pipeline_that_scores_and/,We built a B2B lead pipeline that scores and routes every lead in under 90 seconds --here's what broke first,"I want to preface this first, we're not selling anything. Not a course, not a tool, not a service. We're a group of CS students who spent months building an actual working RevOps automation system and I want to share what we learned because most of what I read online is either ""HubSpot vs Salesforce"" or someone trying to sell me their AI automation template.

The problem we were trying to solve

A",,,2026-03-27T18:36:20.841545,4ad67d451c94
reddit,monkey for sale contact,https://reddit.com/r/SaasDevelopers/comments/1s5bz86/we_built_a_b2b_lead_pipeline_that_scores_and/,We built a B2B lead pipeline that scores and routes every lead in under 90 seconds — here's what broke first,"I want to preface this first, we're not selling anything. Not a course, not a tool, not a service. We're a group of CS students who spent months building an actual working RevOps automation system and I want to share what we learned because most of what I read online is either ""HubSpot vs Salesforce"" or someone trying to sell me their AI automation template.

The problem we were trying to solve

A",,,2026-03-27T18:36:20.841563,bd41f78893d4
reddit,monkey for sale contact,https://reddit.com/r/RealEstateAdvice/comments/1s5bwcv/which_toolsoftware_should_choose_for_finding_and/,"Which tool/software should choose for finding and analyzing foreclosure, pre-foreclosure, auction, and bank-owned properties","Hey everyone. I’ve been investing in pre-foreclosures, foreclosures, and auctions for about 4 years now, along with everything that comes with it. This post should be useful both for smaller investors who want to get into this side of real estate and for people who just want to buy a property cheaper as their own home. Or maybe you’re simply wondering what’s the best way to find foreclosed homes n",,,2026-03-27T18:36:20.841580,c4cd97c1dfd0
reddit,monkey for sale contact,https://reddit.com/r/u_Veridata_Insights_/comments/1s5blni/top_tools_used_for_quantitative_market_research/,Top Tools Used for Quantitative Market Research,"# Top Tools Used for Quantitative Market Research

Quantitative market research relies on the ability to collect, analyze, and interpret structured data at scale. Today’s research landscape offers a wide range of tools designed to streamline everything from survey creation to advanced analytics and reporting.

While these tools are powerful, they are only as effective as the strategy and data behi",,,2026-03-27T18:36:20.841596,545dd01c2426
reddit,monkey for sale contact,https://reddit.com/r/PennyStocksWatch/comments/1s5bk4s/life_ev_completes_rad_power_bikes_asset/,Life EV Completes Rad Power Bikes Asset Acquisition,"**SEATTLE, WA AND DEERFIELD BEACH, FL / ACCESS Newswire / March 5, 2026 /** Life Electric Vehicles Holdings, Inc. (Life EV), a fast-growing electric mobility company led by executives with more than 20 years of industry experience and deep operational expertise in U.S. assembly and supply chain development, today announced that it has completed a court-approved asset acquisition of the Rad Power B",,,2026-03-27T18:36:20.841610,ca836fb149e6
reddit,monkey for sale contact,https://reddit.com/r/PsychicServices/comments/1s5bcr0/live_chat_sessions_payment_is_required_upfront/,"Live Chat Sessions - (Payment is required upfront) ✨🔮 😊 🔮💕PRICES ARE NON-NEGOTIABLE!! Paid READINGS ONLY!! 🔮✨💕 ACCURATE AF🔮 LIVE CHAT SESSIONS, MINI READINGS, messages from your person, timeframe read","Hi there, beautiful souls, GiftedSoul here. I am a born psychic medium with 11 years of professional experience. In combination with my psychic abilities, I do utilize tools such as tarot, oracle cards, pendulum, &amp; more. 

(don't have to have them, spirit will notify me to pull cards when it's needed unless you specifically purchase a spread) 

I offer a variety services on 

[etsy.com/shop/ps",,,2026-03-27T18:36:20.841632,ae8402500429
reddit,r/reptiles: for sale,https://reddit.com/r/reptiles/comments/1cihx3d/alligator_for_sale_on_fb_marketplace_what_can_i/,Alligator for sale on fb marketplace.. what can I do to help the little guy?,https://www.facebook.com/marketplace/item/987213189419599/,,,2026-03-27T18:36:24.307557,317a786babf0
reddit,r/reptiles: for sale,https://reddit.com/r/reptiles/comments/1s4qoqy/phailozoo_or_dubia_enclosure_both_are_on_sale_for/,Phailozoo or Dubia enclosure? Both are on sale for $199 currently.,,,,2026-03-27T18:36:24.307581,d674da0e32da
reddit,r/reptiles: for sale,https://reddit.com/r/reptiles/comments/1qrexdo/custom_made_spray_foam_backgrounds_for_sale/,Custom made spray foam backgrounds for sale?,"I got my first Uromastyx a couple weeks ago, but her enclosure (in my opinion) is very lackluster. I was wondering if anyone knows of any reptile stores I could commission to do a custom spray foam design for me? I’m in the U.S. so preferably somewhere that could ship directly to me. I just couldn’t find one online and figured I would ask the experts 🤷‍♀️",,,2026-03-27T18:36:24.307600,629878ce2ca9
reddit,r/reptiles: for sale,https://reddit.com/r/reptiles/comments/1qp04ls/anyone_have_cheap_live_crickets_for_sale_or_trade/,Anyone have cheap live crickets for sale or trade?,Willing to spend 10$ ,,,2026-03-27T18:36:24.307606,ac96c7c29f71
reddit,r/reptiles: for sale,https://reddit.com/r/reptiles/comments/1qo3lha/feeder_insects_for_sale_website_linked_in_bio/,Feeder insects for sale!!!! Website linked in bio,,,,2026-03-27T18:36:24.307612,ed611418c9d6
reddit,r/reptiles: for sale,https://reddit.com/r/reptiles/comments/1n4i8vz/where_can_i_find_aquatic_anoles_for_sale/,Where can I find aquatic anoles for sale?,"I want an inexpensive, small, semi-aquatic display lizard and Anolis Aquaticus seems to be the perfect fit. I know that they aren't common but is there really nowhere I can buy them from?. If I cannot find any for a low-ish price I will take it upon myself to selectively breed a lineage of Green anoles (Anolis Carolinensis) to adapt to semi-aquatic environments.",,,2026-03-27T18:36:24.307624,51a37f1e6153
reddit,r/reptiles: for sale,https://reddit.com/r/reptiles/comments/1ok9ch7/anyone_know_where_i_could_find_argus_monitor/,Anyone know where I could find Argus Monitor lizard for sale in Canada?,,,,2026-03-27T18:36:24.307630,63eec725522b
reddit,r/reptiles: for sale,https://reddit.com/r/reptiles/comments/1o6kpkl/live_mealworm_for_sale/,Live mealworm for sale?,"Hi reddit, so I was thinking of a side hustle, while in school, and I was wondering if anyone is interested in buying live mealworms ",,,2026-03-27T18:36:24.307638,4b0bfb641a29
reddit,r/reptiles: for sale,https://reddit.com/r/reptiles/comments/k670j4/had_to_say_goodbye_to_my_leopard_gecko_flicka/,Had to say goodbye to my leopard gecko Flicka after nearly 10 years recently. It was really rough. I went to the pet store for cat litter and I came across a group of giant day geckos for sale. I've a,,,leopard,2026-03-27T18:36:24.307649,9cdecf0ce2db
reddit,r/reptiles: for sale,https://reddit.com/r/reptiles/comments/z92r9v/i_just_saw_this_savannah_monitor_for_sale_on/,I just saw this Savannah Monitor for sale on Craigslist. I'm disgusted.,,,,2026-03-27T18:36:24.307656,a0ce60cbbb5e
reddit,r/reptiles: selling,https://reddit.com/r/reptiles/comments/1rb1v8u/i_think_i_just_found_the_worst_species_i_have/,I think I just found the worst species i have seen petco sell...,,,,2026-03-27T18:36:27.633722,1d900912f947
reddit,r/reptiles: selling,https://reddit.com/r/reptiles/comments/16gu7gp/is_it_wrong_to_sellrehome_an_animal_you_no_longer/,Is it wrong to sell/rehome an animal you no longer enjoy keeping?,"I got Wicket, my chameleon gecko, roughly 2 years ago. in that time, shes grown from a hatchling to an adult, and loves her bioactive vivarium. I keep 4 other herps; my crested gecko, my banded gecko, and two firebelly toads. All of them are highly interactive and personable, and are active and fun to watch. I cant help but smile whenever the toads rush to the tank door when I walk by, or how the ",,,2026-03-27T18:36:27.633753,88a8c68f0555
reddit,r/reptiles: selling,https://reddit.com/r/reptiles/comments/xq22cb/apparently_petco_sells_tegus/,apparently Petco sells tegus,,,,2026-03-27T18:36:27.633760,350f5a2096f7
reddit,r/reptiles: selling,https://reddit.com/r/reptiles/comments/1m887ah/do_you_think_i_did_right_thing_not_selling_my/,Do you think I did right thing not selling my corn snake?,"A while ago, I decided to put my corn snake up for sale. I realized that keeping a pet just isn't for me mostly because I was constantly anxious about whether I was giving him the best care. I felt someone else might be able to do a better job. Also in 4 to 6 years I'll be forced to give him away because of some personal reasons

Eventually, someone called about him. At first, I was happy until th",,,2026-03-27T18:36:27.633774,6abc9f390723
reddit,r/reptiles: selling,https://reddit.com/r/reptiles/comments/1okm4d8/other_than_live_animals_what_sells_well_at_expos/,"Other than live animals, what sells well at expos?","I'm not really interested in selling animals, but I like the idea of supplying quality supplies for them.  The expos is get around me are fairly small and dont have many booths selling things like substrate, hides, or driftwood.  I'm trying to think of other things that would sell decently well. Any advice? ",,,2026-03-27T18:36:27.633785,f2a9dc8ceab8
reddit,r/reptiles: selling,https://reddit.com/r/reptiles/comments/1rf3fzl/if_i_couldnt_sell_how_would_i_keep_a_colony_of/,"If I couldn’t sell, how would I keep a colony of mourning geckos under control?",I feel bad when I think about disposing of the eggs,,,2026-03-27T18:36:27.633801,22eff7bf7200
reddit,r/reptiles: selling,https://reddit.com/r/reptiles/comments/1qbjlhi/sellingbuying_for_average_hobbyists/,Selling/buying for average hobbyists?,So I am trying to figure out whats out there. Morphmarket seems a lot of steps just for a single sale locally. Fb is full of clowns. Faunaclassifieds decent but kinda dead. Kingsnakes dead. Craigslist absolutely sucks. Been a year and anytime I post anything this one ahole harassing me via emails.🙄 That and my posts consistently get deleted and i found out last month there are wannabe mods for cra,,,2026-03-27T18:36:27.633819,65555f2d652d
reddit,r/reptiles: selling,https://reddit.com/r/reptiles/comments/1ju3v3l/way_to_sell_herpeteculture/,Way to sell herpeteculture!!!,,,,2026-03-27T18:36:27.633824,9c1def984461
reddit,r/reptiles: selling,https://reddit.com/r/reptiles/comments/1owohco/petco_is_selling_leachie_geckos/,Petco is selling Leachie Geckos??,"Hi everyone, I wanted to take a moment to talk about something I saw when I went to Petco a few days ago. Me and my mom were up there trying to get treats for my cat, and while she looked, I went to take a peek at the reptile section of the store. To my shock, and horror, I saw that they are now selling Leachianus geckos for $1,000. Besides the fact that they cost a whole band, the display tank wa",,,2026-03-27T18:36:27.633837,beb2f7b9067f
reddit,r/reptiles: selling,https://reddit.com/r/reptiles/comments/1s2y1vi/where_to_sell_reptiles/,Where to sell reptiles?,"When your selling reptiles, or selling a reptile out of your collection, where do you go. Or, perhaps. Where do you list said reptiles? I’ve been looking for sites/apps that aren’t just sketch fests. And do you need a license to sell out reptiles? New to selling. So I’ll take all the advice I can get. 

Please be kind I’m a good reptile keeper just not knowledgeable about selling them",,,2026-03-27T18:36:27.633853,0d61d5a5614f
reddit,r/reptiles: WTB,https://reddit.com/r/reptiles/comments/1580s7c/so_i_went_to_a_reptile_expo_yesterday_slidell_la/,"So I went to a reptile expo yesterday. (Slidell, LA)",,,,2026-03-27T18:36:30.894365,16e87a0c5ee6
reddit,r/reptiles: WTB,https://reddit.com/r/reptiles/comments/g8smup/wtb_rat_snake_and_looking_for_reputable_breeder/,WTB Rat Snake and looking for reputable breeder.,"I don’t really have a morph in mind. 

I already have a  striped king snake who is about 2yrs old bought him from my favorite local pet store. However they don’t deal in rat snakes. 

Any suggestions are welcome.",,,2026-03-27T18:36:30.894395,773691aa1ee5
reddit,r/parrots: for sale,https://reddit.com/r/parrots/comments/1jfo74m/what_do_people_who_work_from_home_with_parrots_do/,"What do people who work from home with parrots do for work? Bird tax included. I’m in sales as a broker, and it’s hard on us—my bird can’t be around since I’m always on the phone, no mute, pitching to",,,,2026-03-27T18:36:34.237491,6cea188afff2
reddit,r/parrots: for sale,https://reddit.com/r/parrots/comments/u9l3o5/i_feel_bad_for_birds_in_mexico_from_my_local/,I feel bad for birds in Mexico. From my local Facebook group for the sale of parrots.,,,,2026-03-27T18:36:34.237526,e29a6b4eeeee
reddit,r/parrots: for sale,https://reddit.com/r/parrots/comments/1n09v8f/has_anyone_seen_this_cage_for_sale/,Has anyone seen this cage for sale?,I saw this on Pinterest but can’t seem to find anything like it on the internet. Has anyone seen anything similar?,,,2026-03-27T18:36:34.237546,3b50df63c4d8
reddit,r/parrots: for sale,https://reddit.com/r/parrots/comments/1r4wq9o/in_search_of_molted_galah_feathers_for_sale_and_i/,In search of molted Galah feathers for sale and I don't think that exists? Is there a reason?,"So I'm redoing my room decoration and as I'm sure is actually quite common amongst this subreddit, I love feathers. I love them so much. I used to pick them up off the beach when my mother used to yell at me that I couldn't do that because they were diseased or because it was illegal. (The second part is through the first part not true. I can get into that if you want me to. I'll explain how I kno",,,2026-03-27T18:36:34.237577,75a853d7e372
reddit,r/parrots: for sale,https://reddit.com/r/parrots/comments/1kg73fz/is_this_little_guy_okay/,Is this little guy okay?,"I little while ago I went into an independent supermarket that had a parrot in one of the isles. It’s not for sale, I imagine it’s someone’s pet or the owner thinks it adds to the vibe? He let me touch him a lot and was very itchy, I gave him lots of scratches and tried to remove a few sheaths on his feathers. I left feeling like I wasn’t sure if he was taken care of but I don’t know parrots well ",,,2026-03-27T18:36:34.237595,0c35041b2158
reddit,r/parrots: for sale,https://reddit.com/r/parrots/comments/1hyqugy/where_are_the_best_places_to_look_for_parrots_for/,"Where are the best places to look for parrots for sale in NSW, Australia? (near Sydney)","Here are the sources I know of:

* Gumtree
* Petlink 
* Birds Classified Australia
* Pets Please
* Parrot Society Australia's ""Avi-trader""
* Priam Sales
* Parrot Rescue Centre's ""birds for adoption""

  
There are of course also individual breeders as well as various pet stores and bird brokers who have a variety of birds.

None of the sources are great I think... Many of them don't provide much in",,,2026-03-27T18:36:34.237609,d044b9421647
reddit,r/parrots: for sale,https://reddit.com/r/parrots/comments/16btg2q/ethics_of_buying_a_petsmart_parrot/,Ethics of buying a Petsmart parrot,"I think I'm pretty aware of what answers I'm going to get here. I think I may be wanting to vent more than anything, but I guess I also want to know what other parrot people would do in my situation.

I have been considering getting a 2nd parrot for a while. I love our current bird, but she's definitely got a stronger bond with my wife, and I was hoping to add a bird that would bond strongly with ",,,2026-03-27T18:36:34.237621,984ea557b323
reddit,r/parrots: for sale,https://reddit.com/r/parrots/comments/yfxfwt/a_female_cockatiel_is_for_sale/,A female cockatiel is for sale,She’s a all white female cockatiel her age is unknown she’s worth £100 and I’m in the uk so if your interested just send me a message,,,2026-03-27T18:36:34.237630,f3cbb7e76fab
reddit,r/parrots: for sale,https://reddit.com/r/parrots/comments/1j2reoe/sun_conure_and_blue_quaker_for_sale_yesterday_at/,Sun conure and blue Quaker for sale yesterday at a pet fair.,,,,2026-03-27T18:36:34.237635,cfa7609a38e0
reddit,r/parrots: for sale,https://reddit.com/r/parrots/comments/191cssi/i_got_scammed_out_of_2400_through_a_pet_scamsite/,"I got scammed out of $2,400 through a pet scamsite this Christmas. (MacawParrotShop.com)","Hello r/parrot. This is my very first post on here. Before anyone wishes to call me an idiot for getting scammed, I’ve already reached that conclusion. I’m also posting this to see if there is anything that can be done, any advice, or I can let this just be a way of spreading the word to keep this from happening to others. Please be wary of MacawParrotShop.com


I lost about $3,200 dollars in tota",,,2026-03-27T18:36:34.237651,0d4c84fcb0ab
reddit,r/parrots: selling,https://reddit.com/r/parrots/comments/1nyxo1y/tifu_and_fell_in_love_with_a_gcc_at_petsmart/,TIFU and fell in love with a GCC at petsmart.,"I have always felt that these stores have no business selling birds like this.  But while there to buy food for my other pets this little guy immediately locked on to me and gave me a little show.  It felt like an audition. Like he was begging to be taken home.  I’ve always been an “adopt, don’t shop” kinda gal. but I’m weirdly emotional about this little green cheeked conure who so clearly craves",,,2026-03-27T18:36:37.543933,73e3c299dd10
reddit,r/parrots: selling,https://reddit.com/r/parrots/comments/1706772/my_conure_is_being_aggressive_and_im_considering/,My conure is being aggressive and I'm considering selling him,"After picking up my bird (agave) he was biting me from the start and making me bleed from multiple spots in my hand . I've recently noticed his aggression has gotten worse . I was recommend a green cheek conure by a PetSmart employee . I stay up at night sometimes crying wondering if my bird just hates me or I'm a bad bird father it has gotten to me enough that I'm considering selling him , all th",,,2026-03-27T18:36:37.543960,6b41addc53ee
reddit,r/parrots: selling,https://reddit.com/r/parrots/comments/1i92kgc/i_had_to_sell_my_car_for_my_birds_vet_bills/,I had to sell my car for my birds' vet bills,"Lmao I'm moving from Florida to Puerto Rico and I have 5 babies. It has been 3k to bring them all to PR because of all the testing and permits needed. 

Crazy what we do for our babies!!!

Pics for birb tax

#NoRagrets ",,,2026-03-27T18:36:37.543975,288cddf9afec
reddit,r/parrots: selling,https://reddit.com/r/parrots/comments/13646nc/he_looks_like_he_would_sell_health_insurance_if/,He looks like he would sell health insurance if he had a job,,,,2026-03-27T18:36:37.543981,449efb16db1e
reddit,r/parrots: selling,https://reddit.com/r/parrots/comments/1nehr17/how_much_will_this_art_sell_for/,How much will this art sell for?,"Bidding starts at 10 thousand, anyone up?

(This is a joke:3)",,,2026-03-27T18:36:37.543987,769833c633a8
reddit,r/parrots: selling,https://reddit.com/r/parrots/comments/1g6nkvp/stolen_bird_reunited_with_owner/,Stolen bird reunited with owner,"Where did Tofu go and how did he get back to us? Here is the wild trail that Concord PD followed to get him home! Check out this youtube video for the heartwarming reunion!

Saturday September 7th, two men broke into Feathered Follies through a window around 3:00am, and kidnapped Tofu and Plato. Edward Casey, 45, of San Jose has been arrested and is in police custody.  Erick Stabile, 44, a transie",,,2026-03-27T18:36:37.543999,b752076a8e0d
reddit,r/parrots: selling,https://reddit.com/r/parrots/comments/16bda89/i_need_help_with_ideas_on_how_i_could_rescue_this/,I need help with ideas on how I could rescue this poor bird on fb marketplace. Selling for just over 300 dollars so I cannot afford to buy it.,,,,2026-03-27T18:36:37.544006,8bcacccdfa36
reddit,r/parrots: selling,https://reddit.com/r/parrots/comments/1rj53yp/do_they_sell_these_but_hung_on_the_inside/,Do they sell these but hung on the inside?,"i always wanted one, but everywhere i’ve looked they’re only hung in the outside, and unfortunately my cage doesn’t have any sort of opening for it. ",,,2026-03-27T18:36:37.544016,d46144fdef1d
reddit,r/parrots: selling,https://reddit.com/r/parrots/comments/1qgrwy6/i_need_help_finding_reputable_and_ethical/,"i need help finding reputable and ethical websites that sell safe bird supplies! (perches, toys, food/water dishes, etc.)",i’m having a very hard time finding websites that aren’t sketchy or have terrible reviews and i’m looking for natural wood perches and other safe bird supplies for my parrots. i don’t trust purchasing from amazon and i don’t feel it’s ethical purchasing from petsmart or petco. if anyone has recommendations from their own experience please let me know!,,,2026-03-27T18:36:37.544031,3f077b34cdda
reddit,r/parrots: selling,https://reddit.com/r/parrots/comments/1pfp0qp/how_do_you_want_me_to_want_to_buy_from_you_when/,How do you want me to want to buy from you when you're not even willing to post an actual picture of what you're selling,,,,2026-03-27T18:36:37.544037,cf3ce52c9007
reddit,r/parrots: WTB,https://reddit.com/r/parrots/comments/ln5xis/wtb_red_lored_parrot/,WTB Red Lored Parrot,Looking for breeders of the Red Lored Parrot. I live in Seattle WA and looking for a breeder near or that is willing to ship. Any info or advice is appreciated. TIA.,,,2026-03-27T18:36:40.719944,5bd64a23ed78
reddit,r/exoticpets: for sale,https://reddit.com/r/exoticpets/comments/1mfby8a/lynx_rufus_europe_breed_for_sale/,Lynx Rufus – Europe breed for sale,"am offering a hand-raised female Bobcat (Lynx rufus), bottle-fed and very tame.
She is healthy, vaccinated, and comes with full documentation (vaccination and origin papers). DM for more information ",,,2026-03-27T18:36:44.015867,7271cf370797
reddit,r/exoticpets: for sale,https://reddit.com/r/exoticpets/comments/z0qj6y/baby_dwarf_caiman_i_saw_for_sale_at_a_reptile/,Baby dwarf caiman I saw for sale at a reptile expo today.,,,,2026-03-27T18:36:44.015888,4f17ff00ee72
reddit,r/exoticpets: for sale,https://reddit.com/r/exoticpets/comments/yg85u7/adorable_brazilian_shorttailed_opossums_for_sale/,"Adorable Brazilian Short-tailed Opossums for sale at a pet expo last Sunday. Too pricey for my budget, sadly.",,,,2026-03-27T18:36:44.015897,07b9b5b4d8b7
reddit,r/exoticpets: for sale,https://reddit.com/r/exoticpets/comments/cpha33/looking_for_rubber_boas_for_sale_in_the/,Looking for rubber boas for sale in the California area.,Does anyone know where I can pick up one of these. Preferably a baby,,,2026-03-27T18:36:44.015904,4aed80cb6ebf
reddit,r/exoticpets: for sale,https://reddit.com/r/exoticpets/comments/odmgl/exotic_pets_for_sale/,exotic pets for sale,,,,2026-03-27T18:36:44.015909,3df8106ea804
reddit,r/exoticpets: for sale,https://reddit.com/r/exoticpets/comments/1qwmnzr/ringtail_bassariscus_astutus/,Ringtail (Bassariscus astutus),"Does anyone know where I can find a Ringtail for sale, rescue, or adoption? I can't seem to find any available currently, but ever so many years one will pop up on an exotic animal listing. I think they are more popular in Central America along with the Cacomistle.",,,2026-03-27T18:36:44.015920,7f9d4dd4f3b5
reddit,r/exoticpets: for sale,https://reddit.com/r/exoticpets/comments/1ku7bpv/great_ape_bonobo_wanted/,Great ape bonobo Wanted,I'm looking to buy a A adolescent or baby bonobo It would be for private Ownership In the United States. I'm looking for a private or public dealer of exotic animals that might have a baby bonobo for sale. I am also looking for a Asian elephant calf female Any kind of help would be appreciated I would be able to get some kind of licensing if necessary but I would prefer not to go through those hoo,,,2026-03-27T18:36:44.015932,7a8478a6a647
reddit,r/exoticpets: for sale,https://reddit.com/r/exoticpets/comments/1ebz2xw/what_animals_can_confortably_live_in_a_120x60x60/,What animals can confortably live in a 120x60x60 terrarium (150 gallons),"Ok let's start with why, why do I have a 120x60x60 terrarium laying around? well about 4 years ago they had a sale somewhete and I got It cause I was planning on getting a ball python, which ended up kinda happening cause me and my then partner got a baby ball python but he ended up having him and then, well what happened happened.

So till now I had this thank and no possibility of getting any an",,,2026-03-27T18:36:44.015946,147fc3ca0081
reddit,r/exoticpets: for sale,https://reddit.com/r/exoticpets/comments/1cu2558/salamander_axolotls/,Salamander (axolotls),"Have a black one for sale have quite a bit of food for it as well ,aquarium broke, it's my third one decided to just sell him just want what I paid for him $75 if interested you would have to pick up message me if wanting to buy wnd pick up 682-373-6196 (henry)",,,2026-03-27T18:36:44.015955,d254ddecef12
reddit,r/exoticpets: for sale,https://reddit.com/r/exoticpets/comments/6i1s2v/looking_for_an_intact_male_ferret/,Looking for an intact male ferret.,"As the title says, I am looking for an unfixed male ferret.  I was lucky enough to have purchased an unfixed female.  However, female ferrets are in constant heat and they can develop anemia if they aren't bred.  I would like to raise a litter or two before she is spayed.   

If anyone has an intact male for sale or even if we could do some sort of stud fee I would be interested.  Thanks.",,,2026-03-27T18:36:44.015967,55239a97116f
reddit,r/exoticpets: selling,https://reddit.com/r/exoticpets/comments/1if6afw/does_anybody_know_any_trusted_legit_websites_that/,does anybody know any trusted legit websites that sell exotic animals?,"I'm looking for species like, birds, reptiles,small mammals etc.",,,2026-03-27T18:36:47.315360,c9a3b418d3ff
reddit,r/exoticpets: selling,https://reddit.com/r/exoticpets/comments/1in12t4/has_anyone_ever_seen_anyone_selling_tinamous_in/,Has anyone ever seen anyone selling tinamous in the US?,Just what the title says.  Google turned up a very old listing for a guy in Houston (I was limiting my search to TX) but the contact info is out of date.,,,2026-03-27T18:36:47.315388,85e5d2b660b9
reddit,r/exoticpets: selling,https://reddit.com/r/exoticpets/comments/1iwuhhi/exotic_pets_store_that_sells_aardvarks/,exotic pets store that sells Aardvarks?,I'm been trying to find an exotic pet store or some place that sells Aardvarks but i can't find anything,,,2026-03-27T18:36:47.315397,bdb72e9a703a
reddit,r/exoticpets: selling,https://reddit.com/r/exoticpets/comments/x2p1yj/looking_for_someone_who_sells_raccoons_in_pa/,looking for someone who sells raccoons in PA,"My family has been looking for a place but cant seem to find one, is there any breeders or pet shop owners who carry them in PA?",,,2026-03-27T18:36:47.315405,354617137638
reddit,r/exoticpets: selling,https://reddit.com/r/exoticpets/comments/b7zo3c/ive_been_searching_every_where_to_see_ifwhere_you/,I’ve been searching every where to see if/where you can buy centipedes from anywhere in my country New Zealand does any one know if there legal and where u can get ones (talking about tiger centipedes,,,tiger,2026-03-27T18:36:47.315420,20da0b18ddad
reddit,r/exoticpets: selling,https://reddit.com/r/exoticpets/comments/1q9v0e0/voles/,Voles,"To start your Sunday off right.  With a couple multi cameos 
Have a great week everybody",,,2026-03-27T18:36:47.315428,80e2f4d9b6dd
reddit,r/exoticpets: selling,https://reddit.com/r/exoticpets/comments/1kv67er/paneled_enclosure_recommendations/,Paneled enclosure recommendations,"I have some Savannah cats and getting a serval, for fwc in Florida it has to be 6x6x12L. To get around the city permitting I think it has to be paneled wire. Does anyone have recommendation for who sells these that are kindof affordable? Under 2k hopefully. Thx ",,serval,2026-03-27T18:36:47.315439,b339d2cc2904
reddit,r/exoticpets: selling,https://reddit.com/r/exoticpets/comments/1i21ypc/looking_for_a_reputable_opossum_breeder_in_the_uk/,Looking for a reputable opossum breeder in the UK that does delivery! ,"Hello everyone, I’m not sure if this type of post is allowed here but hopefully it’s okay! I’m a 22 year old experienced pet owner, who has got years of experience with exotic, generic and native pets such as reptiles, rodents, dogs and cats, however, since I was a child I have always dreamed of owning a pet opossum, I have studied their care and enrichment needs for years and I am perfectly capab",,,2026-03-27T18:36:47.315456,afeb2329a521
reddit,r/exoticpets: selling,https://reddit.com/r/exoticpets/comments/1gzlbuh/what_generations_of_savannah_cat_are_legal_to_own/,What generation(s) of Savannah Cat are legal to own in Minnesota?,"I'm seeing conflicting information on what generations of Savannah Cat are legal to own in Minnesota. Some places say any generation is fine- others say only F4+, others say it's illegal. Some breeders in Minnesota are also selling F3 kittens but if only F4+ are allowed then how are they doing that?! It's all very confusing

Does anyone here own a Savannah Cat and know what generations are illegal",,,2026-03-27T18:36:47.315469,41b04db374e5
reddit,r/exoticpets: selling,https://reddit.com/r/exoticpets/comments/18z6ipd/pet_wombat_wanted/,Pet Wombat Wanted,"So I am aware that it is illegal to export animals from Australia, so is cocaine and that's abundant here. Is anyone willing to smuggle a wombat to the states to sell?



EDIT: Found a reliable smuggler. X&gt;Reddit",,,2026-03-27T18:36:47.315479,f99e88384f81
